<manifest alg="2" build="2017.0.2.363" opt="true" iceEnabled="true" iceMarkupVersion="2" iceEnabledOptions="link,responsive,cachebuster,textStyling" exportTarget="other" domain="www.lab.com.br" resolutions="1x" timestamp="1496263755900">
  <folder name="css">
    <file name="site_global.css" crc="443350757"/>
    <file name="master_a-mestre.css" crc="92567635" ref="about:contact:news:projects---research:people:index"/>
    <file name="nomq_preview_master_a-mestre.css" crc="3988390923" ref="about:contact:news:people:index:projects---research"/>
    <file name="about.css" crc="4166893639" ref="about"/>
    <file name="nomq_about.css" crc="3992334190" ref="about"/>
    <file name="contact.css" crc="3793801540" ref="contact"/>
    <file name="news.css" crc="15254493" ref="news"/>
    <file name="iefonts_news.css" crc="3824530138" ref="news"/>
    <file name="projects---research.css" crc="319406684" ref="projects---research"/>
    <file name="iefonts_projects---research.css" crc="3824530138" ref="projects---research"/>
    <file name="people.css" crc="4049245741" ref="people"/>
    <file name="iefonts_people.css" crc="3824530138" ref="people"/>
    <file name="index.css" crc="229449952" ref="index"/>
    <file name="iefonts_index.css" crc="3824530138" ref="index"/>
    <file name="nomq_index.css" crc="3956755258" ref="index"/>
    <file name="nomq_news.css" crc="3837065020" ref="news"/>
    <file name="nomq_people.css" crc="4210557269" ref="people"/>
    <file name="nomq_contact.css" crc="268052173" ref="contact"/>
    <file name="nomq_projects---research.css" crc="306994860" ref="projects---research"/>
  </folder>
  <folder name="scripts">
    <file name="jquery-1.8.3.min.js" crc="209076791" ref="phone>index:phone>news:phone>people:phone>about:phone>projects---research:phone>contact:index:people:projects---research:news:contact:about"/>
    <file name="museutils.js" crc="4232573551" ref="phone>index:phone>news:phone>people:phone>about:phone>projects---research:phone>contact:index:people:projects---research:news:contact:about"/>
    <file name="whatinput.js" crc="86476730" ref="phone>index:phone>news:phone>people:phone>about:phone>projects---research:phone>contact:index:people:projects---research:news:contact:about"/>
    <file name="museconfig.js" crc="4152223963" ref="phone>index:phone>news:phone>people:phone>about:phone>projects---research:phone>contact:index:people:projects---research:news:contact:about"/>
    <file name="jquery.musemenu.js" crc="38860304" ref="phone>index:phone>news:phone>people:phone>about:phone>projects---research:phone>contact:index:people:projects---research:news:contact:about"/>
    <file name="webpro.js" crc="3770351119" ref="phone>index:phone>news:phone>people:phone>about:phone>projects---research:phone>contact:contact"/>
    <file name="musewpslideshow.js" crc="4244742588" ref="phone>index:phone>news:phone>people:phone>about:phone>projects---research:phone>contact"/>
    <file name="jquery.museoverlay.js" crc="432750910" ref="phone>index:phone>news:phone>people:phone>about:phone>projects---research:phone>contact"/>
    <file name="touchswipe.js" crc="3912873526" ref="phone>index:phone>news:phone>people:phone>about:phone>projects---research:phone>contact"/>
    <file name="jquery.watch.js" crc="3844535323" ref="phone>index:phone>news:phone>people:phone>about:phone>projects---research:phone>contact:index:people:projects---research:news:contact:about"/>
    <file name="jquery.musepolyfill.bgsize.js" crc="3880853905" ref="phone>index:people:news"/>
    <file name="html5shiv.js" crc="4241844378" ref="phone>index:phone>news:phone>people:phone>about:phone>projects---research:phone>contact:index:people:projects---research:news:contact:about"/>
    <file name="require.js" crc="4234670167" ref="phone>index:phone>news:phone>people:phone>about:phone>projects---research:phone>contact:index:people:projects---research:news:contact:about"/>
    <file name="form_check.php" crc="3841221102" ref="contact"/>
    <file name="form_throttle.php" crc="4048049783" ref="contact"/>
    <file name="form_process.php" crc="3899230280" ref="contact"/>
    <file name="form-u3853.php" crc="4145886178" ref="contact"/>
    <file name="jquery.museresponsive.js" crc="433634197" ref="about:index:people:projects---research:news:contact"/>
  </folder>
  <folder name="images">
    <file name="u3099-4.png" crc="311076581" ref="phone>index:phone>news:phone>people:phone>about:phone>projects---research:phone>contact"/>
    <file name="background.png" crc="83396032" ref="phone>index:index:news" seo="true">
      <caption webpage="index" alt=""/>
      <caption webpage="index" alt=""/>
      <caption webpage="index" alt=""/>
      <caption webpage="news" alt=""/>
    </file>
    <file name="u3125-6.png" crc="175050290" ref="phone>index"/>
    <file name="u3124-4.png" crc="4248660470" ref="phone>index"/>
    <file name="seta-more.svg" crc="79669419" seo="true" ref="phone>index:index">
      <caption webpage="index" alt=""/>
      <caption webpage="index" alt=""/>
      <caption webpage="index" alt=""/>
    </file>
    <file name="seta more_poster_.png" crc="3806018123" ref="phone>index:index"/>
    <file name="olivier.png" crc="4208761990" ref="people">
      <caption webpage="people" alt=""/>
    </file>
    <file name="mike.png" crc="177179512" ref="people">
      <caption webpage="people" alt=""/>
    </file>
    <file name="leon.png" crc="377409490" ref="people">
      <caption webpage="people" alt=""/>
    </file>
    <file name="anjum.png" crc="310526150" ref="people">
      <caption webpage="people" alt=""/>
    </file>
    <file name="adam.png" crc="4194049712" ref="people">
      <caption webpage="people" alt=""/>
    </file>
    <file name="brittany.png" crc="525022087" ref="people">
      <caption webpage="people" alt=""/>
    </file>
    <file name="chamath.png" crc="3969911530" ref="people">
      <caption webpage="people" alt=""/>
    </file>
    <file name="u681-4.png" crc="3921567711" ref="news"/>
    <file name="u684-4.png" crc="129560569" ref="news"/>
    <file name="u687-4.png" crc="129560569" ref="news"/>
    <file name="u690-4.png" crc="129560569" ref="news"/>
    <file name="u693-4.png" crc="129560569" ref="news"/>
    <file name="u720-4-a.png" crc="491950731" ref="news"/>
    <file name="blank.gif" crc="4208392903" ref="contact:about:index:people:projects---research:news"/>
    <file name="u3854-fss.png" crc="532289802" ref="contact"/>
    <file name="u3856.png" crc="488559511" ref="contact"/>
    <file name="u3856-r.png" crc="308599546" ref="contact"/>
    <file name="u3856-m.png" crc="308599546" ref="contact"/>
    <file name="u3856-fs.png" crc="3994636140" ref="contact"/>
    <file name="u2511-4.png" crc="286065198" ref="contact"/>
    <file name="u2272-4.png" crc="368837796" ref="about"/>
    <file name="u2364-4.png" crc="417144472" ref="about"/>
    <file name="u2368-4.png" crc="4065317392" ref="about"/>
    <file name="u2272-42.png" crc="290877309" ref="about"/>
    <file name="u2364-42.png" crc="122363185" ref="about"/>
    <file name="u2368-42.png" crc="4065317392" ref="about"/>
    <file name="olivier-u2580-fr.png" crc="4076177916" ref="people"/>
    <file name="mike-u2579-fr.png" crc="3973320901" ref="people"/>
    <file name="leon-u2578-fr.png" crc="4177420573" ref="people"/>
    <file name="anjum-u2576-fr.png" crc="4060082244" ref="people"/>
    <file name="adam-u2574-fr.png" crc="299869860" ref="people"/>
    <file name="brittany-u2577-fr.png" crc="4064949149" ref="people"/>
    <file name="chamath-u2575-fr.jpg" crc="3891959073" ref="people"/>
    <file name="u681-42.png" crc="235697807" ref="news"/>
    <file name="u684-42.png" crc="3928928153" ref="news"/>
    <file name="u687-42.png" crc="3928928153" ref="news"/>
    <file name="u690-42.png" crc="3928928153" ref="news"/>
    <file name="u693-42.png" crc="3928928153" ref="news"/>
    <file name="u720-4-a2.png" crc="55151568" ref="news"/>
    <file name="background-u2882-fr.png" crc="60279829" ref="news"/>
    <file name="u681-43.png" crc="4245653047" ref="news"/>
    <file name="u684-43.png" crc="198699641" ref="news"/>
    <file name="u687-43.png" crc="198699641" ref="news"/>
    <file name="u690-43.png" crc="198699641" ref="news"/>
    <file name="u693-43.png" crc="198699641" ref="news"/>
    <file name="u720-4-a3.png" crc="3942214135" ref="news"/>
    <file name="u3854-fss2.png" crc="532289802" ref="contact"/>
    <file name="u38562.png" crc="488559511" ref="contact"/>
    <file name="u3856-r2.png" crc="308599546" ref="contact"/>
    <file name="u3856-m2.png" crc="308599546" ref="contact"/>
    <file name="u3856-fs2.png" crc="3994636140" ref="contact"/>
    <file name="u2511-42.png" crc="3968918666" ref="contact"/>
    <file name="u2511-43.png" crc="81904489" ref="contact"/>
    <file name="u3854-fss3.png" crc="532289802" ref="contact"/>
    <file name="u38563.png" crc="488559511" ref="contact"/>
    <file name="u3856-r3.png" crc="308599546" ref="contact"/>
    <file name="u3856-m3.png" crc="308599546" ref="contact"/>
    <file name="u3856-fs3.png" crc="3994636140" ref="contact"/>
    <file name="u2272-43.png" crc="3960014810" ref="about"/>
    <file name="u2364-43.png" crc="417144472" ref="about"/>
    <file name="u2368-43.png" crc="4144620046" ref="about"/>
  </folder>
  <folder name="phone">
    <folder name="css">
      <file name="master_a-mestre.css" crc="3972033937" ref="phone>contact:phone>about:phone>index:phone>people:phone>news:phone>projects---research"/>
      <file name="nomq_preview_master_a-mestre.css" crc="3824530138" ref="phone>contact:phone>about:phone>index:phone>people:phone>news:phone>projects---research"/>
      <file name="contact.css" crc="4011837414" ref="phone>contact"/>
      <file name="nomq_contact.css" crc="3824530138" ref="phone>contact"/>
      <file name="about.css" crc="4011837414" ref="phone>about"/>
      <file name="index.css" crc="3924712735" ref="phone>index"/>
      <file name="people.css" crc="4011837414" ref="phone>people"/>
      <file name="news.css" crc="3760188235" ref="phone>news"/>
      <file name="iefonts_news.css" crc="184209591" ref="phone>news"/>
      <file name="projects---research.css" crc="4011837414" ref="phone>projects---research"/>
    </folder>
    <file name="index.html" crc="4064801462" seo="true" mt="1496175542176" redirect="true"/>
    <file name="news.html" crc="4287499562" seo="true" mt="1496175604854" redirect="true"/>
    <file name="people.html" crc="502728357" seo="true" mt="1496175386949" redirect="true"/>
    <file name="about.html" crc="3951545184" seo="true" mt="1496175386949" redirect="true"/>
    <file name="projects---research.html" crc="356109361" seo="true" mt="1496175386949" redirect="true"/>
    <file name="contact.html" crc="470327725" seo="true" mt="1496175386949" redirect="true"/>
  </folder>
  <file name="index.html" crc="3996141142" seo="true" mt="1496263732401" redirect="true"/>
  <file name="people.html" crc="3965710346" seo="true" mt="1496263744015" redirect="true"/>
  <file name="projects---research.html" crc="3804055897" seo="true" mt="1496263276387" redirect="true"/>
  <file name="news.html" crc="262469007" seo="true" mt="1496262788460" redirect="true"/>
  <file name="contact.html" crc="517861169" seo="true" mt="1496263550793" redirect="true"/>
  <file name="about.html" crc="39396005" seo="true" mt="1496263072658" redirect="true"/>
</manifest>